{"L2_err": {"ARD": [1.1070173120316062, 1.2485316492065046, 1.1836793547785438, 1.8812223251348195, 1.6259537814857001, 1.1912383599705585, 1.1182421723457332, 1.0487351651443213, 1.0685527766153156, 1.3033637417189827], "ARDr": [0.47043580428749776, 0.7349471719410634, 0.6478092958434991, 0.6378140258932534, 0.5913079192469203, 0.631088269541024, 0.6775939673191309, 0.6471647503740391, 0.5153098673720931, 0.7973218666246177], "ARDvi": [0.4924578171813043, 0.7140857551036495, 0.6666103137814106, 0.6044067256978485, 0.6186147265705618, 0.4823682869736916, 0.6305137711862512, 0.6171373897571137, 0.5276525695419072, 0.8038303662262407], "mSTSBL": [0.42694190924595155, 0.9484740518146731, 0.5936975803738148, 1.182360603664333, 0.8241163303042013, 0.8043817517085254, 0.7487842236381687, 0.5832851240261755, 0.5914835850221211, 0.9835635180950572], "lSTSBL": [0.3870325625450239, 0.8754609928261154, 1.0819971661892005, 0.6823183849162895, 0.7500930671564973, 0.5372263330281164, 0.6231878225545341, 0.5604001832914114, 0.4981590996006382, 0.9032431793250878], "dSTSBL": [0.6830353225154958, 1.0932671578376134, 0.7219250408664986, 1.1047404618882526, 0.846436157692946, 0.6962258098778912, 0.7036328908586403, 0.7813693037798128, 0.5866968560017304, 0.868907232772834]}, "L1_err": {"ARD": [11.27072337165302, 14.12556519383817, 12.08160915558463, 20.6527742886789, 18.604566623010847, 12.930729222330571, 11.848329923951644, 10.857887370105484, 11.195304574404364, 13.335336371103052], "ARDr": [3.7261993827310933, 6.444397923591, 5.456092875512729, 5.178479113848406, 4.681622817383266, 5.414184782492219, 5.311323747760763, 5.2565629359833395, 4.0871468877738675, 6.84316260845326], "ARDvi": [2.8585501463343688, 4.999181108330028, 5.01138973781045, 4.208011277775333, 4.483819692877695, 3.522983891455655, 4.411748666284469, 4.230711114172193, 3.4811499782174353, 5.744500482525304], "mSTSBL": [2.4759173119212354, 6.521752948634569, 3.559197612185209, 8.504368771477456, 5.405310407721657, 5.518527434103379, 4.832204935936064, 3.243130075702292, 3.26074442903757, 6.397100287895116], "lSTSBL": [2.177492104911016, 5.1480062555804285, 9.483011411804979, 3.8620063775690054, 4.385955147812341, 2.9263516807663836, 3.3512352139551456, 2.896610070906924, 2.672433763911924, 5.400594808485133], "dSTSBL": [3.2542021467463536, 5.702330017352391, 3.815804792161943, 6.396352418450045, 4.752161887496031, 3.431025885123302, 3.7485503023526783, 4.267862399079355, 3.036055685686035, 4.3692371429170835]}, "Added": {"ARD": [111, 161, 109, 194, 196, 125, 123, 122, 111, 121], "ARDr": [61, 98, 66, 65, 63, 76, 63, 81, 76, 81], "ARDvi": [2, 35, 32, 22, 27, 32, 24, 24, 28, 32], "mSTSBL": [5, 19, 5, 23, 12, 20, 14, 2, 8, 19], "lSTSBL": [1, 11, 45, 2, 3, 3, 0, 1, 2, 9], "dSTSBL": [0, 0, 0, 0, 0, 0, 0, 0, 0, 0]}, "Missed": {"ARD": [2, 9, 7, 7, 6, 2, 7, 6, 6, 7], "ARDr": [3, 7, 5, 4, 4, 2, 5, 3, 4, 4], "ARDvi": [4, 8, 9, 5, 4, 2, 5, 3, 6, 8], "mSTSBL": [3, 11, 9, 13, 8, 4, 9, 8, 7, 10], "lSTSBL": [4, 11, 9, 12, 8, 4, 12, 8, 6, 10], "dSTSBL": [9, 18, 13, 17, 10, 8, 13, 13, 11, 15]}}