{"L2_err": {"ARD": [1.7393526588406365, 1.749808149701496, 1.7273272913431157, 1.7460498123029862, 1.7195767460907267, 1.7212359159746573, 1.7266994888682743, 1.758326862925899, 1.7173464328559087, 1.7021057141430123], "ARDr": [1.7320508075688772, 1.7320508076417942, 1.7320508075688772, 1.7486863880404695, 1.7323000809982787, 1.7320508075688772, 1.7320508075688772, 1.7322782399351555, 1.7320508075688772, 1.7320508075688772], "ARDvi": [1.7473023475732472, 1.789509712360013, 1.7821344138458268, 1.7952439682697372, 1.7591843177219906, 1.7844801015598315, 1.7638601508652583, 1.7867053329358389, 1.7517511977043776, 1.742201074779487], "mSTSBL": [1.8062574025436404, 1.8087741949528269, 1.8117838029704576, 1.7689337053022343, 1.812418117828729, 1.7995132027564549, 1.794194291841886, 1.818477754828475, 1.8042337952519867, 1.7996912807696976], "lSTSBL": [1.7652515422970363, 1.7741078045044705, 1.7940975412850355, 1.7896550039576233, 1.7592051832197477, 1.7805480974790673, 1.779501681263861, 1.7839739007032098, 1.7508077004796294, 1.78257391172153], "dSTSBL": [1.743730490781222, 1.7741077316206166, 1.7320508075688772, 1.7320508075688772, 1.7225316275574636, 1.7415194273675738, 1.7479592351041295, 1.7577588637231354, 1.75372465439975, 1.7320508075688772]}, "L1_err": {"ARD": [3.0836004560550547, 3.105759381338314, 3.0753764237967114, 3.092023902630948, 3.0623926078378365, 3.0772740620761603, 3.0740378761892213, 3.120295677686461, 3.0712573560484464, 3.0641753019935054], "ARDr": [3.0, 3.0000158931308647, 3.0, 3.0624061577125143, 3.0276338954268898, 3.0, 3.0, 3.028178403762226, 3.0, 3.0], "ARDvi": [3.0857976909630302, 3.1001763475147306, 3.090799271125703, 3.10452972297513, 3.0876313128234423, 3.0858008166307824, 3.060817445469526, 3.132064838694257, 3.088748038973089, 3.073569254800687], "mSTSBL": [3.12363953483477, 3.127680845065326, 3.132501897881895, 3.1153981801633654, 3.1335164021018107, 3.11276581853272, 3.104143630547225, 3.1431803640747207, 3.1203836788928103, 3.113053775016497], "lSTSBL": [3.117892386140716, 3.1271804501244254, 3.095169133127574, 3.089747245029989, 3.0505510684376183, 3.0738715386532447, 3.074076078167757, 3.135648824615441, 3.111935366204804, 3.077434834227479], "dSTSBL": [3.081928147673827, 3.127180538603643, 3.0, 3.0, 3.0644384232005617, 3.0223583329219674, 3.0686857402343177, 3.108179705709979, 3.11096368291127, 3.0]}, "Added": {"ARD": [7, 7, 8, 7, 5, 10, 10, 6, 9, 10], "ARDr": [0, 1, 0, 3, 2, 0, 0, 2, 0, 0], "ARDvi": [2, 1, 1, 0, 2, 1, 1, 1, 2, 2], "mSTSBL": [0, 0, 0, 1, 0, 0, 0, 0, 0, 0], "lSTSBL": [1, 1, 0, 0, 1, 0, 0, 1, 1, 0], "dSTSBL": [2, 1, 0, 0, 3, 1, 2, 3, 1, 0]}, "Missed": {"ARD": [0, 0, 0, 0, 0, 0, 0, 0, 0, 0], "ARDr": [3, 3, 3, 0, 2, 3, 3, 2, 3, 3], "ARDvi": [0, 1, 1, 1, 0, 1, 1, 0, 0, 0], "mSTSBL": [2, 2, 2, 1, 2, 2, 2, 2, 2, 2], "lSTSBL": [1, 1, 1, 1, 1, 1, 1, 1, 0, 1], "dSTSBL": [0, 1, 3, 3, 0, 1, 1, 0, 1, 3]}, "Xi": {"ARD": [[0.0, 0.09194659831978055, 0.0, 0.0, 0.00037749881245628664, 0.0, -0.18181771944818065, -0.0034870826611100698, -0.0007805575503373223, 0.0, 0.21302409955639917, 0.0, -0.016636477863738616, 0.0, 0.0, 0.0, 0.0, 0.0, 0.0008449993020531994, 0.0, -0.0002893129700186369, -0.00044430868377888944, 0.0, 0.0, 0.0], [0.0, 0.08688579490338896, 0.0, 0.0, 0.00020365043368084044, 0.012126256013014293, -0.18494094569789277, 0.0, 0.0, 0.0, 0.19444034662880127, 0.0, -0.01404519150003118, 0.0, 0.0, 0.0, 0.0, 0.0008388188541146675, 0.0, 0.0, -0.0004612016927896467, -0.0005739811415303426, 0.0, 0.00012388773067301023, 0.0], [0.0, 0.04219945408291016, 0.0, 0.01655567169303836, 0.0, 0.017061707239359663, -0.1834241941253954, 0.0, -0.007355597003658774, 0.0, 0.23974499435186067, 0.0, -0.037909980647514545, 0.0, 0.004941967619391125, 0.0, -0.004598774682779623, 0.0, 0.000426249081410003, 0.0, -0.0006478219731146295, 0.0, 0.0, 0.0, 0.0], [0.0, 0.06296999927522706, 0.0, 0.008222316575135823, 0.0, 0.0062987234454781, -0.18272946264864975, 0.0, 0.0, 0.0, 0.19760682512487354, 0.0, -0.02547185350138092, 0.0, 0.0031848322829481266, 0.0, 6.787864564114831e-05, 0.0, 0.0, 0.0, -0.0006371427671896057, 0.0, 4.85186141707998e-05, 0.0, 0.0], [0.0, 0.061168785263403615, 0.0, 0.0, 0.0, 0.0, -0.1851756687259631, 0.0, 0.0, 0.0, 0.2638217524664542, 0.0, -0.07110288695850742, 0.0, 0.006474859547277476, 0.0, 0.001418573823701403, 0.0, 0.0, 0.0, -0.0007513256971046064, 0.0, 0.00012226028833302893, 0.0, 0.0], [-0.004317730516362634, 0.05934922663930266, 0.0, 0.0, 0.00021566249472855815, 0.01753325998103144, -0.1672327220009715, 0.0, 0.0, -7.305398009819724e-05, 0.22986749886439073, 0.0, -0.050866311379272194, 0.0, 0.004534473946391979, 0.0, -0.002215572078437348, 0.0, 0.0, 0.0, -0.00032763367392515946, -0.0002652323723383607, 0.00021068187769127667, 0.0, 0.0], [0.0, 0.05094002441033349, 0.0, 0.00607169111587947, 0.0, 0.021112359754993603, -0.1409973503960867, 0.0, -0.005782535619129672, 0.0005813471382823145, 0.17823189697364678, 0.0, -0.020867071200019394, 0.0, 0.002029648810136718, 0.003329443212595684, -0.00015458467580917694, 0.0, 0.0, 0.0, -0.0003756460186560008, 0.0, 0.0, 2.8070810946072396e-05, 0.0], [0.010915445948544607, 0.06768114235752493, 0.0, 0.0, 0.0, 0.0, -0.1947111957097306, 0.0, 0.0, 0.0, 0.18885123674041876, 0.0, -0.03140139899356254, 0.0, 0.002605491680876785, 0.0, -0.0011649118190282502, -0.000306378924303734, 0.0, 0.0, -0.0003609489933084315, 0.0, 0.0, 0.0, 0.0], [0.0, 0.08951105984642982, 0.0, 0.010790633729173237, 0.0, 0.013131839243128012, -0.20377442602517745, 0.0, 0.0, 0.0012858188520898037, 0.30152325790035056, 0.0, -0.04648401940817683, 0.0, 0.005001886580141352, -0.0015760657155675093, -0.00016406289614187607, 0.0, 0.0, 0.0, -0.0009221064736086017, 0.0, 0.0001386951791622925, 0.0, 0.0], [-0.004221049752852718, 0.07365072086542414, 0.0, 0.005091188718024085, 0.0, 0.0, -0.14432132345842413, 0.004550431254510799, -0.013103077546733606, 0.0, 0.2392624926248405, 0.0, -0.0463422927532125, 0.0, 0.005732059094477938, 0.002100604676093186, -0.002678853962289368, 0.0010877405312217758, 0.0, 0.0, -0.0005584520050810906, 0.0, 0.0, 0.0, 0.0]], "ARDr": [[0.0, 0.0, 0.0, 0.0, 0.0, 0.0, 0.0, 0.0, 0.0, 0.0, 0.0, 0.0, 0.0, 0.0, 0.0, 0.0, 0.0, 0.0, 0.0, 0.0, 0.0, 0.0, 0.0, 0.0, 0.0], [0.0, 0.0, 0.0, 0.0, 0.0, 0.0, 0.0, 0.0, 0.0, 0.0, 0.0, 0.0, 0.0, 0.0, 0.0, 0.0, 0.0, 0.0, 0.0, 0.0, 0.0, 0.0, 0.0, -1.589313086488732e-05, 0.0], [0.0, 0.0, 0.0, 0.0, 0.0, 0.0, 0.0, 0.0, 0.0, 0.0, 0.0, 0.0, 0.0, 0.0, 0.0, 0.0, 0.0, 0.0, 0.0, 0.0, 0.0, 0.0, 0.0, 0.0, 0.0], [0.0, 0.0, 0.0, 0.021287603417202636, 0.0, 0.0, -0.10221582364113571, 0.0, -0.01819141790917231, 0.0, 0.08260952154900171, 0.0, 0.0, 0.0, 0.003007915964284882, 0.0, 0.0, 0.0, 0.0, 0.0, -0.0003129183297202496, 0.0, 0.0, 0.0, 0.0], [0.0, 0.0, 0.0, 0.0, 0.0, 0.0, 0.0, 0.0, -0.027396026257265546, 0.0, 0.0, 0.0, 0.0, 0.0, 0.0, 0.0, 0.0, 0.0, 0.00018137302764169555, 0.0, -5.649614198249586e-05, 0.0, 0.0, 0.0, 0.0], [0.0, 0.0, 0.0, 0.0, 0.0, 0.0, 0.0, 0.0, 0.0, 0.0, 0.0, 0.0, 0.0, 0.0, 0.0, 0.0, 0.0, 0.0, 0.0, 0.0, 0.0, 0.0, 0.0, 0.0, 0.0], [0.0, 0.0, 0.0, 0.0, 0.0, 0.0, 0.0, 0.0, 0.0, 0.0, 0.0, 0.0, 0.0, 0.0, 0.0, 0.0, 0.0, 0.0, 0.0, 0.0, 0.0, 0.0, 0.0, 0.0, 0.0], [0.0, 0.0, 0.0, 0.0, 0.0, 0.0, 0.0, 0.0, -0.028177694809835976, 0.0, 0.0, 0.0, 0.0, 0.0, 0.0, 0.0, 0.0, 0.0, 0.0, -3.749930022767776e-06, 3.040977632850426e-06, 0.0, 0.0, 0.0, 0.0], [0.0, 0.0, 0.0, 0.0, 0.0, 0.0, 0.0, 0.0, 0.0, 0.0, 0.0, 0.0, 0.0, 0.0, 0.0, 0.0, 0.0, 0.0, 0.0, 0.0, 0.0, 0.0, 0.0, 0.0, 0.0], [0.0, 0.0, 0.0, 0.0, 0.0, 0.0, 0.0, 0.0, 0.0, 0.0, 0.0, 0.0, 0.0, 0.0, 0.0, 0.0, 0.0, 0.0, 0.0, 0.0, 0.0, 0.0, 0.0, 0.0, 0.0]],